index,traffic
0,474.095191851052
1,499.0638953318275
2,500.5405061613334
3,514.1789103753022
4,458.9942491015752
5,617.77701821542
6,518.8682510519168
7,581.1034634290857
8,585.3517847264536
9,618.9998047821372
10,600.6789255803061
11,557.8331083843113
12,470.4502062254895
13,505.9604002864222
14,497.62797974406334
15,482.6262767109276
16,485.5749863146406
17,520.8850399147786
18,484.4692228139236
19,497.3572626791278
20,565.0980976424163
21,457.2895208934823
22,444.44471805276027
23,523.5076899439582
24,479.6407081611769
25,490.4528741677214
26,476.5653086560666
27,492.20599577697465
28,547.9561433628902
29,524.0638537585436
30,525.8667053566093
31,457.51318832622064
32,465.4653879034139
33,414.8276402154372
34,475.71857536751736
35,528.7010955915698
36,515.5083954724512
37,493.3546021114363
38,499.3309914884584
39,579.3334337227378
40,606.1427664720536
41,622.9763483844184
42,551.5233963776858
43,608.9894306351205
44,627.97304612864
45,587.546991331099
46,521.0210183636175
47,584.4396333341766
48,496.8697162103932
49,511.7992115001597
50,477.85828749015826
51,505.4375348780615
52,513.8081487494691
53,505.8452702081041
54,469.4091404087343
55,506.19085313976353
56,543.865878161529
57,513.4590729354359
58,528.8596156721552
59,492.88964089962116
60,522.4970071827113
61,508.3780351464958
62,471.472678109383
63,509.55563014396625
64,470.2491000967907
65,481.01359175345624
66,505.6798492187712
67,508.91732820140373
68,464.32302604768614
69,531.6195731354862
70,517.1601883490142
71,478.8581469316735
72,553.8724561065247
73,595.652862627557
74,586.6216885841652
75,603.3942137115907
76,589.106500165333
77,539.7762941776497
78,588.3495918509652
79,490.8314266679506
80,519.0098307432218
81,479.0540097616685
82,550.360240201177
83,442.6507834804473
84,539.3350249340788
85,493.27043087365684
86,525.7875461703067
87,502.394044521762
88,534.1866660807641
89,488.37914106341566
90,467.04138724466566
91,542.6151286181318
92,496.59558062353574
93,506.6467542087263
94,537.0425574213439
95,469.04134273716693
96,517.8647269291778
97,482.3031573061133
98,496.03491933066886
99,502.16836896152864
100,454.9933441565919
101,476.634888715387
102,540.5321867723942
103,526.5857356575439
104,498.12081268018295
105,607.2937037553868
106,591.1727248309062
107,640.6975015748394
108,593.9894226661751
109,606.9552627640454
110,634.3809043242619
111,576.6788554546229
112,546.7636755349068
113,454.0861577076987
114,548.889263933384
115,488.8197324814408
116,492.71903756524154
117,443.2996948645117
118,486.3561584786692
119,468.80580406919347
120,481.7706096387958
121,495.88067102633363
122,528.7337484341872
123,506.22810054201875
124,509.2302996020334
125,467.13441833463315
126,473.5773773119181
127,553.9617505505394
128,477.9439689571026
129,549.6862475617189
130,492.708164033574
131,500.0686380843051
132,532.1109548068979
133,538.1567726581598
134,496.6756231916274
135,488.35270839435384
136,498.3223865443336
137,510.13872584696355
138,526.7391106060927
139,600.1268957698246
140,618.5665889406946
141,649.1507919681283
142,611.4392883679436
143,609.3495856801434
144,554.432675247298
145,521.0780958951282
146,511.65127187690507
147,497.15527306157384
148,484.55651975255773
149,507.30590612559035
150,498.18788812409275
151,533.833407519017
152,502.58332604776933
153,477.59230144789495
154,529.7049871687786
155,493.4860677516139
156,515.7961005101693
157,485.677678814216
158,480.50519343507693
159,502.5250469055709
160,500.38485930631055
161,514.394811061005
162,491.94062740070774
163,444.9092064868881
164,487.01678349234834
165,523.8145540143145
166,491.0787176227068
167,492.60849792456355
168,529.5912951771782
169,478.64080318223233
170,453.715903452713
171,495.18106641423515
172,585.4747814625379
173,571.0126104074023
174,594.7386463230393
175,614.7451694174035
176,599.7213431529656
177,609.2094321805871
178,654.4022309554626
179,489.71363415327306
180,508.3504590393401
181,484.723599122026
182,474.6092084033908
183,482.4527703974669
184,485.6372428543493
185,510.7842739264138
186,570.4722736010227
187,478.51869691172476
188,487.5012408315361
189,498.10630960666253
190,511.8739654612924
191,507.90652435864354
192,538.5228738184435
193,427.20823788394375
194,428.39210389412983
195,485.1236548396955
196,532.9190056263112
197,453.03055905183214
198,409.77102980918727
199,517.1353821865763
200,507.3097167110814
201,467.2937477960171
202,470.4338119783721
203,470.9076884109598
204,503.3160595242182
205,581.2105417145099
206,614.8219175692656
207,514.3612001128683
208,574.2944440461661
209,566.2183811726685
210,592.3097796488253
211,583.8585672452958
212,523.935313396873
213,444.21989685019827
214,501.36474428992256
215,516.7500926963512
216,555.6994230968586
217,485.5470208671957
218,509.7337581305755
219,445.88411622312907
220,428.2413138706093
221,525.343231273451
222,499.8331911905579
223,535.3553806939527
224,458.79791333090753
225,515.5970641858626
226,556.0645352163156
227,512.5911682507179
228,508.29744516773144
229,500.2566824247305
230,452.87355628622265
231,540.6671880713104
232,481.67427080584804
233,515.1344976914905
234,453.1089708028624
235,464.6162100647666
236,543.0526219766671
237,489.5809313312647
238,543.5982642812763
239,597.6530802282444
240,544.7430668112643
241,626.7620279919516
242,582.3032304673318
243,620.9606644055114
244,600.7563260262025
245,553.7064531617139
246,504.9288429611171
247,565.886694264584
248,514.7895937554338
249,498.2744674098361
250,532.2603020587069
251,506.3200539560933
252,506.2860269078838
253,467.25124483522694
254,507.01544077368794
255,531.0633024925083
256,474.91813543699925
257,542.7348746374084
258,497.2488192756462
259,473.36691465384376
260,529.9289623076073
261,491.3961729278519
262,522.7854466245832
263,491.2472410322439
264,498.2052156941029
265,514.8068061300288
266,508.72691172770016
267,440.1340465864478
268,466.36268779716823
269,527.8822995437245
270,496.0359023329536
271,484.2880609168574
272,559.2427795422758
273,567.6079103617245
274,539.3460408011415
275,596.961578438954
276,582.0468725825685
277,571.0023632704406
278,597.9562972449614
279,510.91911892558215
280,562.7959379662983
281,454.6434974131036
282,534.7814312990157
283,529.1930468304522
284,476.62721781869897
285,506.0970786375809
286,486.27100251987156
287,505.5706574125622
288,545.2739304021366
289,518.1681869789394
290,515.2582511970032
291,487.0907204013607
292,455.47830005226996
293,493.7459536837878
294,536.1982446459175
295,454.18496430231056
296,468.3473189546992
297,503.78803208702203
298,470.4603564545821
299,476.22429658654363
300,487.2920425481547
301,459.03147787429555
302,470.77634461350897
303,521.1028375036193
304,460.7789065330711
305,552.0638359651548
306,581.0992506139831
307,621.9586650752954
308,594.0923457600934
309,586.0625676565314
310,601.3307639254682
311,547.6287770142104
312,514.8411696132509
313,511.5030509421093
314,487.72074577712834
315,530.1777353538924
316,466.17511703140883
317,533.8372697976071
318,504.6348099678575
319,489.9034223036548
320,499.40379093895064
321,496.78205702567175
322,536.6084868925315
323,467.6996261758696
324,477.12442282560204
325,531.0890867621744
326,482.13395194448424
327,527.0159923199477
328,550.9830794902613
329,487.946149191751
330,520.4408697972592
331,465.3892315598042
332,522.6419989420343
333,505.982719579603
334,514.1911484648065
335,480.63283783893814
336,450.16749753298484
337,515.0975619424852
338,438.0979054256164
339,590.479485232724
340,628.2354559925991
341,605.7569320761911
342,658.4502793436944
343,630.7532745774532
344,580.3830483502327
345,600.8194013955431
346,498.57887892366693
347,452.5346970996162
348,471.7880325054694
349,483.1771727906042
350,438.9133849143219
351,501.4248040475493
352,492.5278446604088
353,449.8131829606528
354,512.1263859583199
355,521.4761823407288
356,506.8110343659467
357,490.2779547437309
358,517.7432645525556
359,520.4066108143007
360,509.22210709159066
361,475.2616324869572
362,508.2980229653354
363,535.8644195247643
364,482.1011282416481
365,562.9381801739729
366,484.23107198043846
367,500.97221040020406
368,479.82543211980993
369,506.6981250776078
370,447.73334922094176
371,483.61874603549836
372,567.236363989543
373,604.0601504367687
374,629.8334212652672
375,619.3801856134365
376,528.8502191742332
377,661.2620895878364
378,608.858398218626
379,476.70502578521
380,504.71383756972824
381,505.2856946750808
382,479.9945384914531
383,505.9375000202623
384,481.7758313713908
385,487.8691402192993
386,479.4116259273475
387,457.0198613078104
388,504.3750941064615
389,517.5589830954901
390,515.4465078822911
391,524.597757579057
392,509.73020630044607
393,484.0182350534929
394,525.1899159329357
395,459.27447380474194
396,472.97985852462557
397,471.07399785730263
398,532.4016817741793
399,528.2836554242023
400,514.6191571113499
401,532.157895956354
402,473.6215165276404
403,510.4578535958294
404,496.24476714850505
405,625.4064631165475
406,596.543273023434
407,588.4517133476976
408,616.2272555568297
409,626.285075015737
410,579.949644154596
411,598.1677298594287
412,468.24678099075044
413,425.0581694752118
414,506.01378894241185
415,518.2671606876389
416,507.8620042726018
417,441.513148467369
418,489.47451709770576
419,433.44956719846755
420,541.0910332296255
421,467.41836253645744
422,537.6621082837969
423,528.3760893105243
424,472.98228942391813
425,466.0164514619677
426,510.51110649159017
427,474.67027888450787
428,503.07453926474625
429,485.51517227579245
430,446.565247566031
431,433.08595942626624
432,506.8005274548379
433,483.15326761008123
434,483.40730549257603
435,520.8759151728135
436,535.2032682989734
437,491.8236583591457
438,489.78203879270416
439,615.0042909934165
440,559.2919329090128
441,606.6945916424309
442,616.5565791546646
443,620.4069062525289
444,541.8974189249261
445,577.1593419057317
446,473.652102415296
447,502.9966086322764
448,514.4223373930395
449,544.9013122233795
450,485.1510355889578
451,485.07282505072357
452,534.4901605663624
453,508.8973081559092
454,538.0295453356392
455,508.6618400902951
456,465.2865014386019
457,460.0061493566658
458,453.45463252823214
459,519.8615550427542
460,535.6579046926103
461,555.4808642415915
462,525.2931599696972
463,534.8851573260496
464,482.59951002038946
465,465.3075254976843
466,525.5023799725266
467,512.530422567182
468,503.2233312302268
469,511.6211444189897
470,509.6955644737462
471,538.5145057956069
472,638.8495675445087
473,616.3266105702104
474,625.3740861768879
475,615.4218765727433
476,586.1649080389614
477,622.6969402473942
478,558.1651479342222
479,531.6167465688765
480,464.164311807019
481,508.574098603842
482,474.64538124721525
483,516.6016694922328
484,498.9822432221627
485,452.15732125510004
486,512.6209889305544
487,482.6623766950187
488,526.4344016244011
489,500.0397706620322
490,511.86262956164114
491,471.2729313495436
492,482.32003305717916
493,486.24084091696744
494,525.7010744072767
495,550.3213126341647
496,475.84484744771373
497,532.3054443397305
498,434.90967746822895
499,464.17431796723133
